Barcode	UMAP_1	UMAP_2	Cluster
AAACGAACACGGCTAC.1	-3.77336027310809	-1.20598901345152	3
AAAGAACAGTTCACTG.1	-0.298614769182121	0.932179715143622	1
AAAGTCCGTGGATCAG.1	-0.269357964260796	3.51244995524526	2
AAAGTGATCGTGGTAT.1	-2.86979136766633	1.02935286934245	1
AAATGGAGTATGCGTT.1	0.80534654595948	2.43104214571404	1
AAATGGAGTGAGATCG.1	1.38490787708306	1.74417921805247	1
AACAAAGGTCTAACTG.1	-5.31525515014862	0.169246473382045	3
AACACACCACACCTTC.1	-1.41157212585278	-6.857973529735	5
AACAGGGCACAGTGAG.1	-1.45245074402929	-6.85628778431996	5
AACCATGTCAAAGGTA.1	-2.1102680139806	1.60136140534561	1
AACCCAACACCTGAAT.1	-3.36299298010348	1.40727222739733	3
AACCTTTGTCCACACG.1	-2.93391894213668	5.26661278207504	2
AACGAAACACACAGCC.1	-3.47000609347694	3.38697314728325	2
AACTTCTAGGGCGAAG.1	-4.93718788548177	0.866856804244005	3
AACTTCTCAAACACCT.1	0.816295786726475	2.41433525400315	1
AAGACAATCACACCGG.1	-4.0705227070459	-0.42556590612755	3
AAGATAGCACCGTGCA.1	-2.5314399675675	4.88906788523234	2
AAGCATCTCGGCCCAA.1	1.03686644035842	0.516459388939921	1
AAGCATCTCTCTGCTG.1	-2.84561319793935	1.52826540489223	1
AAGCGAGAGTCCTGCG.1	1.68654391235127	-7.21648677103155	7
AAGGAATTCTCAACCC.1	-3.59648629183141	-0.753117195188549	3
AAGGTAAAGAATAGTC.1	-0.837187062839026	-0.0678060654350494	6
AAGGTAAGTACCGTCG.1	10.2267632342947	-1.8441045891255	4
AAGGTAATCCGCGAGT.1	-3.62041127761885	-0.09191775322677	3
AAGTGAAGTGAGTAAT.1	0.624540889124108	1.24105713190639	1
AATGAAGCACAGTCCG.1	-0.386578879925886	-0.45870923398514	6
AATGCCACACCCTTAC.1	0.614419273918557	-1.00669059614504	6
AATTCCTCACTTTAGG.1	-3.50604892115433	2.84326230364868	2
AATTCCTTCAGGGTAG.1	-2.22040983555312	3.42896234637869	2
ACAAAGAGTACGCTTA.1	-1.16839635334277	-0.887908762085396	6
ACACAGTGTACCCGCA.1	8.18265702206598	-1.39203839798043	4
ACACAGTGTCTTTCAT.1	-4.80111696787449	0.984567821400704	3
ACACAGTTCCACCTGT.1	0.258134725910096	-5.17770939921852	5
ACACCAAAGTGCACAG.1	-1.80908750288659	1.37642002248093	1
ACATCCCTCTCAACGA.1	-1.32575589948871	1.30798193528226	1
ACATCGACACCAGTAT.1	11.5043782688542	-1.64701133135907	4
ACATGCATCAACTGGT.1	-2.43851689997258	2.18856425367709	1
ACCAAACAGAAGCGAA.1	-3.15378950514893	-5.65475686028039	5
ACCAAACAGCCGTCGT.1	1.64122138674555	-7.09038523179921	7
ACCCTCACACCTGCTT.1	-3.61655388072811	2.96357465041643	2
ACCCTCAGTGCCCTTT.1	-1.91986202123781	-6.36547204527356	5
ACCGTTCGTCAAGCCC.1	-3.96937820726432	0.0682900293451461	3
ACCTACCGTAGTGCGA.1	-3.25017081689911	3.42625314480648	2
ACGATCAAGGACATCG.1	-1.525263993694	-6.17129931917254	5
ACGGAAGGTCTGTTAG.1	-4.05738974497534	4.11781774323904	2
ACGGGTCGTCAAATCC.1	0.836136567621028	2.35647006865277	1
ACGGTCGAGCGAACTG.1	-1.60600786493704	-6.19364150564357	5
ACGGTCGGTCTGCCTT.1	-2.14437213071796	-4.70256617644773	5
ACTGCAAAGGTAACTA.1	-3.7536447994884	-1.1261141794947	3
ACTGCAACACAAAGTA.1	0.529786901060894	-5.56073114199355	5
ACTGCAACAGGGCTTC.1	1.3721074004831	-6.64334780985703	7
ACTGTGAAGCCGATAG.1	-2.99421170341565	1.97958295591906	1
ACTTAGGAGACTTCGT.1	-2.52524035785705	0.996563370638256	1
ACTTAGGAGTCAACAA.1	11.6401247487069	-1.52808769428604	4
ACTTATCAGTAAACAC.1	-1.51742555240539	4.10784625204891	2
ACTTTCACATGAAGCG.1	1.21461182143958	1.75807576570595	1
ACTTTGTAGAGTCACG.1	-3.70411433240842	3.36214675781785	2
AGAAATGAGGTTAAAC.1	-2.64890882185422	2.90119410160603	2
AGAACAATCCGGGACT.1	-5.72888519951743	0.702043489836101	3
AGAAGCGGTGGCAACA.1	0.834230657043682	0.732080924668052	1
AGAAGTAAGTTGTCAC.1	-3.01285471316341	5.22917095706985	2
AGAAGTAGTGACTGAG.1	9.10047450746171	-0.816850594474916	4
AGAAGTATCGATGGAG.1	-4.32920728163321	-1.08424963005483	3
AGACAAATCCTTATCA.1	-1.33272748146881	-6.85549557078215	5
AGACACTGTATGATCC.1	-1.84742622271811	5.51136034823711	2
AGACAGGGTCTGGTTA.1	-5.2276485810058	0.127373398718276	3
AGACAGGTCCAAGGGA.1	-4.24771374520648	0.694305097507183	3
AGACCATTCCTTCACG.1	0.780939640796334	-0.22763038997097	6
AGACCCGTCCTTCTTC.1	-5.2105020317778	0.197400422440491	3
AGACTCAGTCGAAGCA.1	-1.79608347699493	5.27566068827862	2
AGATCCAGTTGGAGGT.1	-2.18759423011404	4.08393300647028	2
AGATGCTGTGCGTCGT.1	-1.04269821644549	0.61884225078123	2
AGCCAATTCCCGAATA.1	-1.01155050772366	-0.956194343623346	6
AGCGATTTCAGCATTG.1	-2.4449536510108	4.08338364951183	2
AGCGCCAAGTTCTACG.1	-0.864490363912344	-0.801115144500202	6
AGCGCTGTCCTGGCTT.1	0.00874235635100984	0.961918202377569	1
AGCGTCGCATCATCTT.1	-5.46553627623865	0.940764994240181	3
AGCTACACAATACAGA.1	-2.48629010879308	4.23325253407018	2
AGCTACACATGACAAA.1	-4.58646806033684	2.97195163943246	2
AGCTCAAAGGCCTTCG.1	0.218896723598911	-5.05104879690852	5
AGGACGAGTATCCCTC.1	0.0844608683329374	1.00094659704404	1
AGGACTTGTGACTAAA.1	-0.86557336663602	1.04704506814634	1
AGGAGGTAGTTCATGC.1	-2.81552826622162	-1.35982427235523	3
AGGCTGCTCAGACTGT.1	-2.35067229841707	-5.59068444764211	5
AGGTGTTGTGCTGATT.1	-3.1403454972658	5.15141564321536	2
AGGTTACAGGACAGTC.1	1.41197364085432	-6.68746259912739	7
AGTAACCAGTAGACAT.1	8.68183167529925	-1.23793034480542	4
AGTAACCCACGTACAT.1	-0.379112273500378	2.19785588587461	1
AGTACCACACGACTAT.1	-1.41954970072611	3.97124061945929	2
AGTAGCTAGAAGGGAT.1	-2.60249793038772	4.88396108734298	2
AGTAGCTGTTCCGCGA.1	9.61970512012208	-1.67042370998294	4
AGTAGTCCATCATTTC.1	-3.81914140369011	0.917938270569842	3
AGTCAACTCGTGTCAA.1	-0.650703211976688	-5.83288833701367	5
AGTCACAGTAGACAGC.1	-5.3728523615215	-0.563467816104946	3
AGTGACTGTGAACTAA.1	-2.51956148294729	-1.29594363068889	3
AGTGTTGCAAGCCATT.1	11.2073905038526	-1.40166532893686	4
AGTGTTGCAGGAGGAG.1	0.708390994646728	-0.832195957886095	6
AGTTCCCGTAACGCGA.1	1.37599160646431	1.16042019029024	1
ATACTTCGTCCCTGTT.1	-5.05560964928821	0.350796819993858	3
ATAGACCCAACCGCCA.1	0.209361897358342	0.779013071174741	1
ATAGACCCACCCTAAA.1	-3.91246687533069	-0.882454915390565	3
ATCACGAGTCGCTTGG.1	0.762388079852779	0.254436773246702	1
ATCACGAGTCGGAAAC.1	1.45619096028971	1.72913761349293	1
ATCACGAGTGGTCTCG.1	1.61388007979693	-7.07125717891483	7
ATCACGATCGCAGATT.1	-0.987313220765556	4.05156254754703	2
ATCAGGTTCACGTAGT.1	-3.61040632717776	-0.211657893595795	3
ATCCACCAGAGGACTC.1	-3.06952126898947	3.05663950810331	2
ATCGATGTCCTACCGT.1	9.33513250488886	-0.514064583638219	4
ATCGCCTAGAGCGACT.1	-3.31538489776364	-0.198926341384013	3
ATCGGATGTCGTATTG.1	-4.00112267671689	3.65370667461383	2
ATCGGCGAGAATCGAT.1	-3.27381899891899	-0.180740519815796	3
ATCGGCGCAAATGAAC.1	-5.42399449853564	0.0274897985039479	3
ATCGTCCTCCCTCTAG.1	-1.99980625712466	1.56059111588222	1
ATCGTGACAGTGGGTA.1	-1.23999058764919	0.0800378721044802	6
ATCTCTAAGTTTCAGC.1	-2.83442372129624	4.21004427218068	2
ATCTTCATCGGCATCG.1	-4.05991846121955	1.01628564403638	3
ATCTTCATCTCTAAGG.1	-3.38896062261626	-0.094164985854655	3
ATGACCATCTCCATAT.1	-3.38750644348979	-0.650673455227389	3
ATGGAGGAGCGGGTAT.1	-4.63834076437394	-1.05080602829762	3
ATGGAGGTCCTACGAA.1	8.20676594698781	-1.37908286560985	4
ATGGGAGCATTGCAAC.1	-1.7337722115146	-0.996548687006743	6
ATGGGTTTCGACCTAA.1	-3.97179437192541	-0.16903195502962	3
ATGTCCCAGTGCAAAT.1	-4.2614374210689	-1.07956537908979	3
ATGTCTTCAATTGCTG.1	-4.61857091127038	-1.18421408094346	3
ATTCACTAGAATACAC.1	-3.94782268732526	3.7999424974155	2
ATTCAGGCACATTCTT.1	0.815385038457401	-0.657241982032255	6
ATTCAGGGTATTGCCA.1	-5.24043526389511	0.968326962378917	3
ATTCATCTCTCTCGCA.1	-2.75084775319438	2.80709521936387	2
ATTCCATCACATGGTT.1	-3.36819444975589	4.52881046511504	2
ATTCTACCAAACGTGG.1	-2.40967375741818	-5.46049496216245	5
ATTCTACCAAGTTGGG.1	10.5088677365846	-1.69307877459216	4
ATTCTACTCAACTGAC.1	-0.371626983379314	2.05579992307202	1
ATTTCACAGACGGATC.1	-2.70297177590912	0.92557934976709	1
ATTTCACTCTGCACCT.1	-2.61821063236796	-5.1448132335029	5
ATTTCTGGTATTAAGG.1	-4.46513235607578	-1.0349948308627	3
CAACAACTCTAGTGTG.1	-3.27066735636624	-1.0300754851386	3
CAACAGTGTCGCACAC.1	-1.39265477401833	1.62538728207311	1
CAACCAAAGATAACGT.1	0.200819285416748	-5.38059466544903	5
CAACCAATCGAACCAT.1	0.193091995534806	1.86493048572929	1
CAAGAGGAGATAGGGA.1	0.209357105136909	-5.50112742153696	5
CAAGAGGAGGGAGTTC.1	-3.66763143875556	3.35178630059719	2
CAAGAGGTCGTGGCTG.1	11.3588443270473	-1.59676953606701	4
CAAGCTACACCTAAAC.1	-2.13221443351748	2.7805045087995	2
CAAGCTAGTACCGCGT.1	-3.72165306295391	-0.0396441974782126	3
CAATACGTCTGGCCGA.1	10.1786833694236	-1.94460769813913	4
CAATGACGTCACTGAT.1	-2.12256633357462	2.15365964598138	1
CAATTTCTCGACACCG.1	-3.0779737075281	2.85144131545666	2
CACAACACACGTAACT.1	-0.148097056046016	2.07300348809257	1
CACACAACACGGCACT.1	-0.98434558600343	-0.0184661747895764	6
CACAGATAGACATAAC.1	-2.94335229987713	3.60141276388623	2
CACAGATGTCAATCTG.1	-5.32090729384378	0.734952627485009	3
CACAGGCGTTGGCCTG.1	10.1957691860744	-0.342384110409397	4
CACAGGCTCTAGTGAC.1	10.9758308948235	-1.08464802791719	4
CACATGAAGGCAGGTT.1	-5.44509471708814	1.13392539375244	3
CACCAAAAGCGTGCTC.1	-4.19397115982457	-1.03953297452946	3
CACCGTTAGCATGAAT.1	-3.21385480938028	4.99181853662211	2
CACGGGTCACGGTAGA.1	-0.737944656658535	1.03076789789902	1
CACGTGGAGTTTCAGC.1	-1.74085445883646	5.33311836826566	2
CACGTGGGTCTACGAT.1	-3.87156583124069	-0.518149697228943	3
CACTAAGAGCGCTGCT.1	1.24557589700571	1.76438932718356	1
CACTGAAGTTACACTG.1	-1.80807281609885	4.34657640694055	2
CACTGTCAGGACGGAG.1	8.88294657146271	-0.94795095486038	4
CACTGTCCAGGTTCCG.1	11.5196401378074	-0.793398543809198	4
CAGAGCCGTCAGACGA.1	-3.16140763855235	2.70852222895836	2
CAGTGCGTCGTCAACA.1	9.92277306474143	-1.91821857625108	4
CATAAGCTCTCAAAGC.1	-2.31307875367385	5.14754086035699	2
CATACAGCACGCTTAA.1	-1.81339244320372	5.51628699018428	2
CATCCACAGACAACTA.1	-2.23298269206168	5.57246429850337	2
CATCCCACAGTAACGG.1	-4.11391505550142	4.04503278992242	2
CATCCCAGTTGCATCA.1	11.4720120229476	-1.64133113715837	4
CATCCGTGTATCAAGA.1	-2.47719151139712	1.27872717510746	1
CATCGCTTCATTGAGC.1	10.3079275595032	-1.7050751831306	4
CATCGTCGTGTTCAGT.1	-0.743316898905357	0.657130931460268	1
CATGAGTTCCCTCGTA.1	-2.19195101279874	2.1176854449917	1
CATGCGGAGCCTGTGC.1	-5.39435988684108	-0.981169667812879	3
CATGCGGGTGAGTTGG.1	-0.891797028539252	0.0730658418143044	6
CATGCTCAGAAGCGCT.1	-1.14797811665185	1.24864865338172	1
CATGCTCCAAAGGTTA.1	-5.27077850489684	0.684642609159099	3
CATGCTCTCCGCTAGG.1	-1.88866730207103	3.25928480945178	2
CATGCTCTCCGGCAGT.1	-3.49761027271405	1.98196341546692	2
CATGGATCACGAAGAC.1	9.8992601067334	-1.64219657996282	4
CATTCATTCATTGCCC.1	9.38298484251103	-1.4243796985952	4
CATTCTATCGCACTCT.1	-3.69270599912794	1.60292502398007	3
CATTGAGAGATTGTGA.1	10.6702446172469	-1.73172770196211	4
CATTGAGGTCCAATCA.1	-1.58124323045059	-6.78628657671512	5
CATTGCCTCATTACCT.1	-3.78010882767511	-1.17375692095471	3
CCACAAACACAAGCAG.1	-1.99660431211534	4.25087179817415	2
CCACTTGAGAAACTGT.1	-2.47933143816979	-1.28930515164839	6
CCATAAGAGGTTTGAA.1	11.7674197539933	-1.2039198511169	4
CCATCACTCTTACACT.1	-1.03277370861976	-0.590172361136903	6
CCCAACTAGCATGCGA.1	-5.24466597315699	0.0551461390396552	3
CCCAACTAGGCTGTAG.1	0.750401653732332	-0.688514725726623	6
CCCAACTCATGAAAGT.1	-1.96432052272553	5.55901678475148	2
CCCTCAAAGCAGAAAG.1	-1.10441754676426	4.06902679381283	2
CCCTCAACAAATCGTC.1	11.266126927497	-0.459655476113782	4
CCCTGATTCTAGGAAA.1	-2.81404963551312	0.633252744372323	1
CCGAACGGTAGTGATA.1	0.762156301350962	1.9743762226286	1
CCGGGTATCTCGACCT.1	-1.76847457271504	-1.00657576901103	6
CCGGTAGCAACTGATC.1	1.81174779417657	-7.42459224646668	7
CCGGTAGTCTGTCGTC.1	-0.789289737818131	1.2001046173911	1
CCTCAACGTCGTCAGC.1	-2.45127108277549	0.612191702909317	1
CCTCACACATGTGTCA.1	10.6467624120872	-0.465541679170948	4
CCTCAGTAGGATCATA.1	-5.36647021371509	0.23474084600396	3
CCTCAGTGTCATCCGG.1	-2.66314478375048	0.502502347518679	1
CCTCCAAAGTCGGCAA.1	-4.01236632193045	3.79159363797481	2
CCTGTTGCAGATGCGA.1	-3.23585318902273	5.03803910013481	2
CCTGTTGTCCAATCTT.1	-5.69992876337452	0.684455667033692	3
CCTTCAGCAATGCAAA.1	-0.61304852504975	3.69579017958467	2
CCTTCAGTCTGCCTCA.1	1.83197750016972	-7.41884930398398	7
CGACAGCAGCATGGGT.1	-0.854726967144365	0.347055080031163	6
CGACAGCTCTGAGAAA.1	11.8693533480461	-1.34699096674783	4
CGAGGCTAGCTACTGT.1	-0.767141538305446	4.02351581218219	2
CGAGTGCGTCGATGCC.1	8.87997941188454	-0.951252423564228	4
CGAGTTAAGTGAGGTC.1	0.0947800399588122	2.55073792077071	1
CGATGCGCACATTCGA.1	-5.70901215761955	0.0713918898634944	3
CGCCATTCACAGTGAG.1	-5.49242215174594	-0.750254340444606	3
CGCGTGAGTATGACAA.1	1.40764098552476	1.72346309985517	1
CGGAGAATCGTGCAGC.1	-2.35061567782656	-5.4695265152077	5
CGGCAGTTCATGCGGC.1	10.5192420084873	-1.92231927972455	4
CGGCAGTTCTATGCCC.1	-2.411794672999	-5.39533754539259	5
CGGGACTCAAACGTGG.1	-5.51806739440494	-0.469603458814374	3
CGGGACTCAGACTCTA.1	11.8823136510855	-1.05149212640656	4
CGGTCAGGTTGGACTT.1	10.2272614641042	-1.89488023630689	4
CGTAAGTTCATGCTAG.1	-3.05720296658782	3.71015385266188	2
CGTAATGCAGGTCTCG.1	9.59624497385734	-0.284749303017296	4
CGTAGTAAGAGCAGTC.1	0.391206106011904	1.72803149045104	1
CGTCCATCATTACTCT.1	-2.26189568027682	2.05656265642556	1
CGTCCATTCTGTGCGG.1	-2.39531913950284	4.03864516593797	2
CGTGCTTGTAGGCTGA.1	-3.85101390773954	0.317249954950542	3
CGTTCTGCAATTCTTC.1	-1.58514243126327	5.00005352108062	2
CGTTCTGTCGGACAAG.1	9.17197765002237	-0.850827855524351	4
CTACCCAAGGCCCAAA.1	-1.97368360230755	5.30305244160254	2
CTACGGGAGCGATTCT.1	0.77100314823334	0.247990819885919	1
CTACTATAGACCTTTG.1	-3.67681768965261	3.29973151341775	2
CTATCCGAGCTGACAG.1	1.38653090666368	-6.65696274083305	7
CTATCTAGTCAGGCAA.1	-3.68391047511448	-0.202926418929634	3
CTCAATTTCCGCAAAT.1	-5.51122371876909	-0.104205923967831	3
CTCACTGCACAGCTTA.1	-3.12289166934222	3.29223085576395	2
CTCAGTCGTACGATGG.1	-3.24329654026721	-0.950556065810265	3
CTCATCGAGGAGGGTG.1	-2.80231961476112	0.711851094899383	1
CTCATGCAGAACAGGA.1	1.12518579139171	0.542105804195072	1
CTCCACACAACTGTGT.1	9.4775395276636	-1.17658559657071	4
CTCCTTTGTTGTTGCA.1	-1.05670061388566	0.946938074987027	2
CTCTGGTAGTAGTCTC.1	-1.64309802142863	-6.62786466633074	5
CTCTGGTGTTCAAGTC.1	-1.16943405124132	-5.76813412296803	5
CTGAATGAGGGTACGT.1	-5.40603265545291	-0.96196154836376	3
CTGAATGTCTAGAGCT.1	-2.28750266789906	1.56171552382814	1
CTGATCCGTACTCGCG.1	1.41043334769834	1.077552638882	1
CTGCAGGAGCAACAGC.1	11.8814778306139	-0.742598862802761	4
CTGCAGGAGTAAGGGA.1	-2.93452690019141	2.87519544414786	2
CTGCAGGGTAGTGGCA.1	-3.78458249399467	0.139211429407277	3
CTGCCTAAGAACCCGA.1	-0.450257738613731	2.03995944842996	1
CTGGACGGTTCCGTTC.1	0.603453505322342	0.0392922879414302	1
CTGGACGTCAGAATAG.1	-5.61352062587256	0.683025682405364	3
CTGGACGTCCCGTAAA.1	0.668155402901618	1.41183181671787	1
CTGGTCTTCTCTTCAA.1	-2.44197479157519	-5.464072976533	5
CTGTACCCATGGGTTT.1	1.16637673345088	-6.36320378986654	7
CTGTACCTCTGCTCTG.1	0.416548240227208	1.54349590857709	1
CTGTATTGTTCGGTCG.1	-0.96691045216593	-5.83160794541142	5
CTGTGGGGTACGGGAT.1	-4.05972371429508	3.901678030498	2
CTTCAATCACCCAACG.1	-3.01479074933341	3.43609235667891	2
CTTCCGAAGTAACGTA.1	-0.610450032451638	3.45268725062043	2
CTTCCTTGTGAGATAT.1	-4.48635399958518	-1.1258564509581	3
CTTCGGTCAGTGACCC.1	-0.464085519306622	3.5796182825788	2
CTTGATTGTGTGTTTG.1	-3.2097739192125	3.72394900402353	2
CTTTCAAAGCATCAGG.1	-1.68328592441225	4.28763744611631	2
CTTTCAAGTCGGCTAC.1	0.403055451790428	0.708275487746981	1
CTTTCAATCAGACATC.1	0.251457934686001	-4.88210035144411	5
CTTTCGGCACGCGTGT.1	-1.79790046766675	-6.73045654538722	5
CTTTCGGGTAGGATAT.1	-3.29217459228738	-0.0377184285025929	3
CTTTCGGTCTGCCCTA.1	1.38961460094223	-6.66663176014406	7
GAAACCTCAAGCCATT.1	-3.06483689623857	-5.64119074209354	5
GAACACTTCGAAACAA.1	9.60456289611016	-0.30258464628478	4
GAAGCGAGTGAATGAT.1	11.5793102269856	-1.18206755801142	4
GAAGGACAGTAGGTTA.1	-3.7363057201341	1.51607942886434	3
GACCCAGGTAGCTCGC.1	11.5868663243979	-1.65282905050426	4
GACCCTTGTCACTAGT.1	0.881440622368069	-5.89699173106995	7
GACCGTGAGTACTGGG.1	10.1587523110781	-1.9891360653449	4
GACCTTCAGCCGTCGT.1	-1.56526885096498	4.27176048777261	2
GACGTTACATCCTTCG.1	9.45907733470688	-1.39549468424857	4
GACTATGTCAAAGGAT.1	-4.31402349341432	1.82913358318195	3
GACTCAAAGGTCCGAA.1	-2.14985639361717	2.0801855324393	1
GACTCAAGTCACTCGG.1	0.17121513409838	1.01240867006756	1
GACTGATTCCGTGTCT.1	11.1499143427243	-0.426578134135333	4
GAGAAATTCCACAAGT.1	-1.71548968004886	1.96979086681673	1
GAGCCTGTCGTACCTC.1	1.35645557814087	1.74305071549726	1
GAGGCAAAGATGCTGG.1	-3.54436500857597	4.97328391053842	2
GAGGCAACACCTGATA.1	-4.3109361889774	1.04639560492432	3
GAGGGATTCTTACCGC.1	0.617318098571449	1.89085705239753	1
GAGTCATCAAGCAGGT.1	0.0567169421554243	1.31546327368054	1
GAGTCATGTCAAATCC.1	9.30859645482363	-0.552932445990255	4
GAGTCATTCCTGCCAT.1	-1.89713250330144	-6.50498592709902	5
GAGTCTACACTTGGGC.1	10.8733739661899	-0.415236237067969	4
GAGTGAGTCAACTACG.1	0.751676411039444	-0.827231971504035	6
GAGTGTTCATCCGGCA.1	-1.03833480513827	-0.915546625659395	6
GAGTGTTTCCTGGGTG.1	11.6102202125024	-0.786947680063268	4
GAGTTGTTCACACCCT.1	1.12093277110881	0.509079714424751	1
GATAGCTTCGTGAGAG.1	-2.51676270499236	-4.39240955609478	5
GATCACAAGCAATAAC.1	0.579715151229365	2.50604810646049	1
GATCAGTTCCTGTACC.1	-4.32318435798594	3.33086951611997	2
GATCATGTCACCTCTG.1	-1.9114149120916	3.00454682897306	2
GATCGTAAGCAACTTC.1	-5.61803958106374	0.757933770320318	3
GATGACTCAGGACGAT.1	-0.426948456366823	3.2740682125314	2
GATGATCCATGATAGA.1	-5.68542135021215	0.579005187928909	3
GATGCTAAGCTCCGAC.1	8.35439072411039	-1.47286830844881	4
GATGGAGTCCCAGCGA.1	8.54489715780567	-1.32534741492471	4
GATTCGATCTGTACAG.1	-3.02370583391631	2.18740811533987	1
GATTGGTAGAAGCGAA.1	9.29943547442521	-0.451661309983537	4
GATTTCTCAGAGAATT.1	9.35378753258069	-1.40473535090208	4
GCAACATCAGAGATTA.1	-3.05508848564219	5.14460835999382	2
GCACGGTAGAAGCCAC.1	-1.62230633790185	4.49821706553859	2
GCACGGTGTTCTCCAC.1	-1.53443034263717	4.41391272329755	2
GCAGGCTCAACGTTAC.1	1.75029147068057	-7.60911602633988	7
GCATCGGGTTACACTG.1	-2.30093436737173	-4.68403325898815	5
GCATCTCCATCGGATT.1	-5.56331158382058	-0.340901969390722	3
GCATTAGTCATTCTTG.1	-3.75838421076203	1.15497511367945	3
GCCAACGCATGGCACC.1	-0.181101268051431	0.880868184365153	1
GCCATTCAGAACTGAT.1	-5.35716778057068	0.682825047569174	3
GCCATTCCACCCTGTT.1	-4.04145567067654	3.92364231386435	2
GCCGTGAGTCACTTAG.1	-3.93026521956149	0.0305582261643962	3
GCGATCGCAATTGCTG.1	-4.46898290735155	0.697346345472443	3
GCGATCGTCGTGTCAA.1	0.261720464611652	0.585536217486358	1
GCGGAAAAGGAAGAAC.1	-1.52353063583569	1.54612360771252	1
GCGGAAACATCCAATG.1	0.496555464444286	2.68656121327521	1
GCGGAAAGTTCTCACC.1	-0.0926702030145777	-5.55873899813753	5
GCGGAAATCGTGGGTC.1	-0.65237671731346	0.931117632856127	1
GCGGATCGTTTACACG.1	-2.91055462238294	1.46035378390001	1
GCGGATCTCTAACGGT.1	-5.66923520785133	0.348470664337297	3
GCGTGCAAGTTTCTTC.1	9.40957276583031	-0.640135180961812	4
GCGTTTCAGGTGAGAA.1	11.2713495858362	-1.47134919080193	4
GCTACCTGTACGACTT.1	11.4043702306248	-0.567888950507859	4
GCTACCTTCGAGTCTA.1	-2.68093381269263	0.744260404842775	1
GCTACCTTCGCAACAT.1	-2.82800029329119	0.415985698200892	1
GCTGCAGAGTGCACCC.1	-5.30557923292696	-0.0813053580137139	3
GCTGCAGCACGGGCTT.1	-3.61673119055818	-1.02033260593375	3
GCTGCAGTCTTCCCAG.1	-4.19615983645986	-0.527762262402893	3
GCTTCACCATAGAGGC.1	0.652298960273858	-0.879771986696316	6
GCTTCACTCTTAGCCC.1	1.62781336638906	-7.1060545503311	7
GCTTGGGTCGAACGGA.1	-3.86804023237585	-0.286060597906475	3
GGAACCCGTGGACAGT.1	-5.52739033645178	-0.598810653509262	3
GGAAGTGTCCTCACGT.1	-1.74706467524722	1.54561842779881	1
GGAATCTAGTATGACA.1	-4.53126491638248	2.99034707760923	2
GGAGATGGTCTTCTAT.1	-3.90150633226006	4.14851869862186	2
GGAGGATCAGAGGTAC.1	-0.356950537633104	-0.454647258283187	6
GGCGTCATCCACTTTA.1	10.66464863176	-1.74890346917291	4
GGCTTGGCAGTCTACA.1	-1.18435471252914	-0.802177842763151	6
GGCTTTCGTCGTTGGC.1	1.72359521802573	-7.22626271415373	7
GGGAAGTTCGCCTTGT.1	-2.25176559630439	-5.68499727029055	5
GGGACTCGTCACTAGT.1	-1.908490973558	-6.28324563250473	5
GGGAGATAGCTAAGTA.1	-3.84351318325531	4.32073258992631	2
GGGAGATGTATACGGG.1	-1.26185857726015	-0.82902066128177	6
GGGCCATTCATGTCTT.1	-1.87773722883747	1.5508342465326	1
GGGTAGACACTCTAGA.1	-5.19291558872391	0.716049349996227	3
GGGTGAATCGTGTGAT.1	9.82298044822252	-0.412835732666616	4
GGTAACTCACGCTGCA.1	-4.08492488147075	-1.17002563250267	3
GGTAATCAGTCCTGCG.1	0.970144863205207	0.432708427109863	1
GGTAGAGAGCCGTCGT.1	-0.518470426171347	1.97305145237456	1
GGTCACGCAGGTGTGA.1	-3.99563367854496	4.02313904851018	2
GGTCTGGCAGCGTTTA.1	-5.07072654270267	-0.702684472266309	3
GGTGAAGCAAAGGGCT.1	-0.745145211261723	1.14250450706846	1
GGTGATTAGAGTCCGA.1	0.158174681833025	2.34055917536022	1
GGTTCTCCAACTTGGT.1	-0.274475791367839	-5.60397525712311	5
GGTTGTACATCATTGG.1	-0.30267791116326	3.53224585246699	2
GTAAGTCCACCAGTAT.1	-4.52128791254039	3.04879422946112	2
GTACAGTAGACAAGCC.1	-4.68940074862126	-0.581432377369023	3
GTACAGTGTGGATCGA.1	-5.37015359553965	-0.981244773883391	3
GTAGAAATCTACCTTA.1	-2.04386547008927	2.26133946898737	1
GTAGATCTCGCTACAA.1	-2.00929539411225	1.15133103567739	1
GTAGCTAGTACGGCAA.1	9.93493642871566	-0.341539374673561	4
GTATTGGCAGAAGCTG.1	8.55024840852233	-1.25568601190483	4
GTATTTCTCGCCTTGT.1	-3.26465554794806	-0.556034102904094	3
GTCAAACCACACCTGG.1	0.197783061339147	-5.21464660137325	5
GTCAAACCACTGAGGA.1	-3.92009225453246	1.13846671763593	3
GTCAAACGTTGCTGAT.1	-4.46410805921114	3.08014566369569	2
GTCAGCGGTGGCACTC.1	-2.17700447191512	4.99248095898454	2
GTCCACTCATCCTTGC.1	8.51690775468982	-1.09822478011566	4
GTCCCATCACATTCGA.1	-2.75375375588231	4.97259978303183	2
GTCCCATCATGAAAGT.1	-3.01519122208995	2.03912397704195	1
GTCGCGAGTCTCTCTG.1	9.55514211075507	-1.65743568714413	4
GTCGTAAGTAGGTTTC.1	-3.0508828472388	2.61874952014618	2
GTCTAGAAGTCAATCC.1	-3.27757309304344	3.22849354954245	2
GTCTAGACATCGTGGC.1	9.14493589062238	-1.24082925014157	4
GTCTCACCAACATACC.1	1.29523114730375	0.562139135663414	1
GTGAGCCTCGACACTA.1	-1.97321026070331	4.55617564781718	2
GTGATGTCATACCACA.1	-1.17082894936929	1.59602229733921	1
GTGCACGTCCTTGACC.1	1.61965748251427	1.01660960200545	1
GTGCTGGCATCCCACT.1	0.0933520177058167	-5.47893773927977	5
GTGCTTCCAACTCGAT.1	-2.49873600227553	0.920859262168085	1
GTGCTTCGTACAGTCT.1	1.01944089748063	1.78397545606806	1
GTGGAAGGTGTTACTG.1	-1.31139334505735	-0.551553065268007	6
GTGGAGATCGTAGTGT.1	-0.543012217518342	-0.571985742697098	6
GTGGTTAAGTAACCGG.1	-0.275674016561125	0.93397639703607	1
GTGTAACGTGGTAATA.1	0.108714155947609	1.10816907446773	1
GTGTGATAGCCTGACC.1	-2.90821541943587	1.5236773114207	1
GTGTGGCAGGTCCTGC.1	-2.63859870898595	4.23008155053206	2
GTGTGGCGTAAGCGGT.1	-1.40086518046273	-6.32602972427357	5
GTGTTAGGTAGCTTTG.1	-5.18699604686843	1.09731839934163	3
GTGTTCCTCATGTCAG.1	-5.36317240038838	0.00588911162294226	3
GTTACCCGTACGCTTA.1	-2.89880204856953	-1.3770136058796	3
GTTACCCTCTTACACT.1	-1.50530084833648	-6.17501793210263	5
GTTACGACAACTGGTT.1	-4.1799761209636	2.1061859790009	3
GTTAGACCAAGCCATT.1	-4.06830971884304	2.39238597538993	2
GTTCCGTGTGCCGTTG.1	-1.81201492523387	-6.66174362533253	5
GTTCCGTTCGGACAAG.1	0.612315893841481	-0.148123390370044	6
GTTGCGGCATCACGGC.1	11.275837311367	-0.480115604785103	4
GTTGTCCGTGCACATT.1	0.784322754546543	-5.68220134889245	1
GTTGTGATCCTAGCTC.1	-3.84912096805009	1.34784045281097	3
GTTTGGAAGGCTTCCG.1	-0.458234224659229	2.64263511103148	1
GTTTGGACATACCAGT.1	-3.71755495000956	-1.11696145198482	3
GTTTGGAGTAACTGCT.1	-4.28226231153204	-1.27266217758756	3
TAACGACTCATTCTTG.1	1.38558961944445	1.1586513573368	1
TAACTTCCAAGGTCAG.1	-5.39519752933208	1.0410306700472	3
TACAACGAGGATGTTA.1	-0.412605736613119	2.06137591990337	1
TACAGGTTCCTCACGT.1	-3.11098891945958	2.71868444116168	2
TACCCACCATACAGCT.1	11.3888562784088	-1.5471232452822	4
TACCCGTAGCGATTCT.1	1.57995807115188	1.03839525039238	1
TACCGAATCTTCACAT.1	-0.0931713431732991	2.52598619837104	1
TACCGGGCATGCTGCG.1	-2.91301979028477	0.467467953363945	1
TACGCTCGTTCTCGTC.1	11.2840367464216	-0.82940191720602	4
TAGACCAAGAAGCGCT.1	-3.89694279644987	0.971257907944645	3
TAGAGTCGTGAATAAC.1	8.46475557900619	-1.32611803528854	4
TAGCACATCAGACATC.1	-0.771834212337986	3.38371329859662	2
TAGCACATCGTAGTCA.1	-3.89210108929989	4.26027867439003	2
TAGGTACTCAGAACCT.1	-2.12804885856407	2.20098905103055	1
TATCGCCTCGCTGCGA.1	-4.07748410964335	-0.631975831722258	3
TATCTGTCAGCCGTTG.1	-1.54772733541957	1.51602396263194	1
TATTGGGAGATAGTCA.1	-5.32740207193367	-0.795458161926725	3
TATTTCGGTCCGAAAG.1	-0.416766799195062	0.845690673285569	1
TCACATTTCTCGGGAC.1	-5.41655868108394	1.33230168514483	3
TCACTCGAGTGTGTTC.1	-1.80453199511511	-6.49091031521973	5
TCAGCAAGTAGGACCA.1	-2.51454465075054	4.1973865745941	2
TCAGCAAGTCTATGAC.1	-2.03352887855667	4.61670491395094	2
TCAGTCCAGTATGTAG.1	-3.49730091305783	3.65214420930959	2
TCAGTCCCAGAAGTGC.1	-0.944356795439638	0.384805923240015	6
TCATACTGTTAAGGAT.1	-0.593291592525386	-5.66240108499566	5
TCATACTTCCCGTTCA.1	0.0319750711638345	-5.59241729076805	5
TCATATCCAATCGCCG.1	-3.30937304537129	4.89321304364204	2
TCATGAGTCACCCTTG.1	0.18575130657249	-5.30256387584084	5
TCATGCCCAGCTTCCT.1	9.13692639709848	-1.26196588307239	4
TCATTCACAAGGCTTT.1	0.277027609277141	2.14667109712576	1
TCATTTGCATTCTCCG.1	-1.86325981971409	-6.43486583157926	5
TCATTTGGTGATAGTA.1	-1.99204660780019	5.60011450512219	2
TCATTTGTCCGAAATC.1	-1.03383855542609	4.05016285775333	2
TCCACCAGTGCCTTCT.1	-3.28238674421064	5.14524425444952	2
TCCAGAAAGAGAGCAA.1	-3.47268949714433	3.26026740843289	2
TCCATCGCACACCTTC.1	-3.94585087918927	4.04111947076658	2
TCCATCGTCATCTATC.1	-0.423844434574321	2.06071025501402	1
TCCATCGTCGAAGCCC.1	-4.00003904494443	-0.235953787345618	3
TCCATGCGTAGCGAGT.1	-0.838897989965336	0.989611554972286	1
TCCATGCTCGAGATGG.1	-0.154576626604124	3.47744805848335	2
TCCGAAACAAGCAGGT.1	-0.118399282416216	1.22063364418457	1
TCCGATCGTAGTCGGA.1	8.29671161196879	-1.32664553296934	4
TCCGATCGTTGTCCCT.1	1.57355232312472	-6.99175939349001	7
TCCGATCTCCGAACGC.1	9.7714950644717	-0.306975509286042	4
TCCTCCCCATGGAACG.1	11.823837592752	-1.41143113770896	4
TCCTCTTAGGAGAGGC.1	-1.0504746289142	-0.837122875097024	6
TCCTCTTTCGACTCCT.1	-0.737766940813523	3.42321510108369	2
TCCTGCACACGGATCC.1	-0.39042046725107	0.979315816262176	1
TCCTGCAGTATGGGAC.1	0.892744293567192	-0.581345104704416	6
TCCTTTCGTATCCTTT.1	-0.69564498058878	3.92686107431988	2
TCGAAGTGTCCGTACG.1	-3.35885509125209	5.05891611517028	2
TCGACCTAGTTTCTTC.1	0.721301434331136	-1.0751691169458	6
TCGACCTGTTAAGTCC.1	0.105899584286028	1.44724158145485	1
TCGCTTGTCTCCTGTG.1	-3.61998796464059	1.58346545777473	3
TCGGGCACAAATGAAC.1	1.34808425700788	1.08775667309114	1
TCGGGTGGTTCGGTAT.1	-4.14219687448522	3.49739533537578	2
TCGGTCTTCCCATAAG.1	11.9217824323188	-0.832710498560259	4
TCGTAGAAGAGGTCAC.1	-2.434773119357	0.467785353434591	1
TCGTGGGGTGTCATGT.1	1.31902643503501	1.66994784269416	1
TCGTGGGTCCGATGCG.1	-4.420582820186	3.19357032893981	2
TCTAACTCACCCTTGT.1	-1.27483807571333	-5.7753440451983	5
TCTACATAGTCACTCA.1	-2.95407832194697	2.68768564333204	2
TCTACATGTAACTGCT.1	-4.66620256186692	0.93962487064022	3
TCTATCAAGAGCCCAA.1	-4.67930344202686	-0.999591775382501	3
TCTCTGGCATAATCGC.1	0.449627654026332	2.2354239111091	1
TCTGCCAAGCGTATGG.1	-3.44804360054509	-0.690851523085316	3
TCTGGCTCATCGAGCC.1	-3.11722880778535	-5.65403143752494	5
TCTGTCGAGAGAGCCT.1	0.227124148340962	-5.28271789092663	5
TCTTAGTAGAATTGCA.1	-2.39459054228407	2.7381067176956	2
TCTTGCGCATTGGCAT.1	1.94022597635795	-7.58201102685013	7
TCTTGCGGTGGATACG.1	9.9757318589004	-1.7141130341683	4
TGAATCGCACGGGCTT.1	1.82994368360175	-7.46438358948333	7
TGACCCTGTCTAGATC.1	-5.37957099221348	-0.969397794761304	3
TGACCCTTCGAAATCC.1	-1.93302587276239	-5.64318980806658	5
TGAGACTAGCGTATGG.1	10.65462918459	-0.367138017670853	4
TGAGACTAGGAGAGGC.1	-5.43254540903989	-0.896420303337876	3
TGATCTTAGACCACGA.1	-1.75868127912461	-6.59714396110945	5
TGATTCTCACATGAAA.1	-0.694920392224199	2.15744060005939	1
TGATTCTGTTCAGTAC.1	-3.29245325263726	-1.40019579495493	3
TGCACGGGTGTCACAT.1	-1.53201277874122	-6.47880650556053	5
TGCGGCATCATCGTAG.1	-5.17824000912199	0.352617960756627	3
TGCTTCGTCTCCCATG.1	0.844953413273454	-0.360382985911079	6
TGGAACTGTTTGCCGG.1	-2.43726189800475	-5.31596817225	5
TGGAGAGGTCGCTCGA.1	11.6541722696732	-1.19146310476336	4
TGGAGAGTCCCAGGCA.1	-4.30044820908745	0.0156832247647928	3
TGGATCACACGACGTC.1	-2.61965303822298	0.913742428833205	1
TGGCGTGAGCCGTCGT.1	10.5652699649268	-1.36142407740096	4
TGGCGTGGTATACCTG.1	1.73756909538209	-7.32450779085268	7
TGGGCTGAGAACAGGA.1	-3.03492249036276	2.92955021063769	2
TGGGTTACAAGAATAC.1	-5.47916121062268	-0.591398829780022	3
TGGGTTAGTATTTCCT.1	0.491311084616543	-5.63528133016733	5
TGGTAGTGTATGAAAC.1	11.7890548409698	-1.08622512278465	4
TGGTTAGCACTAGTAC.1	-2.84206421692254	1.264298198605	1
TGGTTAGTCTTTCGAT.1	-5.69900309922395	0.703817001780867	3
TGTAACGCAAGCGAAC.1	-2.64310036093207	2.86616594764069	2
TGTAAGCTCGGACTTA.1	-3.87973215040466	0.319962218609821	3
TGTACAGCATCGATGT.1	-0.454133815394988	-0.48422555366374	6
TGTAGACCATCGGTTA.1	-3.94555376777465	-0.381678621522878	3
TGTCAGATCTCAACGA.1	-0.618917528858786	1.19017288795574	1
TGTCCCACACATGACT.1	-4.34234773686214	3.35372550989487	2
TGTCCCAGTTGTATGC.1	-2.78036535102114	1.76915879339568	1
TGTGCGGGTGGCATCC.1	-3.09618463527012	4.79766854920575	2
TGTTGAGCACCATTCC.1	-0.987971443658821	-5.7363183913804	5
TGTTGAGTCATCCTAT.1	1.16508323262396	1.8019453142617	1
TGTTTGTCAAGTGCTT.1	-0.635209628486069	0.74866750582307	1
TGTTTGTCACGAGGTA.1	0.107502755311472	-5.24356410829026	5
TTAATCCCACAAGTGG.1	1.91597922395057	-7.49213880659354	7
TTAATCCTCTCCATAT.1	-0.801871217084776	0.997302486763031	1
TTACCGCAGTAAGAGG.1	-2.55651868773573	-4.60261934059639	5
TTACGTTTCTCCTACG.1	-0.689438061365881	2.38195713447103	1
TTAGGCACAACGGTAG.1	-0.395918384299838	-0.448538076217521	2
TTAGGCAGTAATCAGA.1	-5.22926994887991	0.83996438728651	3
TTCACGCAGCCAGTAG.1	-1.32409052420479	-6.86645040237689	5
TTCACGCGTCCGGTGT.1	1.76645985038826	-7.34254156430301	7
TTCATGTCAGCATGCC.1	-4.98829359798318	0.200786644902654	3
TTCCGTGCAACCCTAA.1	-1.91742326528842	5.58622725886114	2
TTCCTAAGTAGGTAGC.1	11.600216456792	-1.5155181690266	4
TTCCTCTAGTTCCAGT.1	-1.88056916285587	-6.26321453121	5
TTCGATTAGGCTCTCG.1	10.1199072883328	-1.96551293140349	4
TTCGCTGCACTGCGTG.1	-3.10024678704053	0.981895135020857	1
TTCTCTCCAACCGTGC.1	-2.05091083844245	5.34645886541247	2
TTCTTCCGTAACTGCT.1	-3.65381232665078	1.66052252429133	3
TTCTTGACACTGCGTG.1	-3.1660734427044	-5.65582858818718	5
TTGACCCAGCGTTGTT.1	-2.53969601697348	3.72693412178585	2
TTGACCCAGTTGGACG.1	-2.80549360974452	3.39356669308774	2
TTGCATTAGCTCTTCC.1	-4.52235804600188	-0.129545843484608	3
TTGCATTAGGGAGGAC.1	0.603452837372343	-5.78807501069157	5
TTGCCTGGTAGACACG.1	1.30326147347929	-6.54722691648569	7
TTGCTGCGTGACATCT.1	-3.82965646525879	-0.0746918187941367	3
TTGGATGTCAAGGACG.1	-3.13381791361022	-5.65253224059615	5
TTGGTTTGTGCATGAG.1	11.1858964566868	-0.437180588739354	4
TTGTGGAAGCGCTGAA.1	-2.16907998609033	4.40822250488092	2
TTGTGGAGTACTGGGA.1	-3.03316078411471	4.69162216847131	2
TTGTGTTGTTCGGCTG.1	10.0025916486757	-1.60754500363897	4
TTGTGTTTCGGACAAG.1	-2.71772950477458	1.30554488675858	1
TTGTTTGCACCTAAAC.1	11.3664539852936	-1.51162444633998	4
TTGTTTGGTGTGTGGA.1	-1.0999665519412	-5.73191376246568	5
TTTACGTCATTGCTTT.1	1.24617259004214	1.23099123061914	1
TTTACGTGTCTGTGTA.1	1.84549842824378	-7.47040401547114	7
TTTCATGGTGCCTTCT.1	1.44162561853415	-6.71570093362085	7
TTTCGATAGGATGTTA.1	-2.0007608271837	-6.00174399845596	5
TTTGGTTGTTATAGCC.1	-2.01558872821346	4.31673352034803	2
AAAGGGCAGGGCATGT.1	8.5532913463546	-1.07470338436349	4
AAAGGTAAGGATTACA.1	-3.8926973352896	0.430226584554719	3
AAAGGTATCCGCAACG.1	10.9793601670132	-0.436062494453092	4
AAAGTCCCAGCGGTCT.1	-4.29325874078173	-1.22382877317769	3
AACAACCCATTGAAGA.1	-2.52378715909559	2.85904023018094	2
AACAAGACACGACAAG.1	-1.3883064024979	-6.0306417086885	5
AACACACAGTAGTCTC.1	-0.868291860182728	3.96899677544977	2
AACACACGTAGCGTCC.1	-4.10749415067957	4.05136536609823	2
AACCACAAGATCCCGC.1	-1.0014755459155	3.88722785504219	2
AACCACACATGTGACT.1	-3.49980953835565	4.83806096156745	2
AACCACAGTGCGGTAA.1	1.450288509033	-6.74420956173938	7
AACCTGAAGCTGAAGC.1	-2.2933575089402	4.4695137683619	2
AACCTTTAGCCTAACT.1	-5.36034163814608	1.21498145085743	3
AACGAAAAGGTAGATT.1	9.27722684363601	-0.586693000567458	4
AACGGGATCCTTTAGT.1	-2.96555525303113	0.346804702333887	1
AACTTCTAGGTACCTT.1	0.132241699156653	1.96889346815823	1
AACTTCTCAAAGGCGT.1	10.3557089081773	-1.86520243714243	4
AAGAACAAGTGCAACG.1	-1.02862807663822	0.48092694003922	1
AAGAACACACTTGGGC.1	-4.42756555670368	3.21612500575084	2
AAGATAGAGTACCCTA.1	-1.34152549932888	-6.83058915751617	5
AAGCCATTCGAATCCA.1	-5.25851953997829	0.31464646192447	3
AAGCGTTCAGACCTAT.1	-5.08055931308788	0.483824859106752	3
AAGGAATGTCAGACGA.1	-4.42706017340025	1.15234735489786	3
AAGGAATGTCCTTAAG.1	9.98276774452157	-1.68431921321359	4
AAGTACCAGACTTCAC.1	-5.32602840055363	-0.118900394062922	3
AAGTGAAAGGAGTCTG.1	0.671247219634186	-1.02391622971578	6
AAGTGAAAGGCGCTCT.1	8.22125432784687	-1.3156029504284	4
AAGTTCGAGGTATCTC.1	1.57391889164616	1.0464030874164	1
AATCGACCACGCACCA.1	-1.97447994349826	4.39027864126837	2
AATCGTGAGGTGCCTC.1	1.87847847941851	-7.43767570145895	7
AATCGTGGTACCCGCA.1	-3.6104019556898	3.15520855310117	2
AATGAAGTCCCGAGGT.1	-2.1086502106496	4.2567537445324	2
AATGACCCATCGCTGG.1	-2.42040283383176	2.82915630790834	2
AATGCCACAGAGTGTG.1	-3.45657750821434	4.77260778337094	2
AATTTCCGTACCAGAG.1	11.8927798108205	-0.722083165733901	4
ACAACCACATCCGCGA.1	-1.87464841041583	-6.39993048853936	5
ACACAGTAGGCTCACC.1	0.376501016950494	0.736967878665677	1
ACACGCGAGTAGTCAA.1	-2.71487571628592	0.854031168410566	1
ACAGAAATCCCTTGTG.1	-5.67028094915213	0.442823842782872	3
ACAGCCGCACCGGCTA.1	-2.86608887319537	2.90107662609172	2
ACATCCCTCCGATAAC.1	0.478226657286792	-5.49963875243052	5
ACCATTTTCTATCACT.1	1.22396207823019	1.9314587642248	1
ACCCAAAGTGAGTTTC.1	9.7691000885245	-1.68200740827982	4
ACCCAAAGTGGTATGG.1	9.6540744769579	-1.61371397440376	4
ACCCTCACATCGGAAG.1	-3.97554146519704	0.971077593946702	3
ACCCTCAGTGGATACG.1	-1.98311798155673	2.77821680525006	5
ACCCTTGAGTTCCATG.1	9.52515836876468	-0.394987247201609	4
ACCCTTGTCTGCGGGT.1	-4.11741125116876	-0.829059062664551	3
ACCTGTCCAATCCAGT.1	-0.850287757131268	-0.702615186865375	6
ACCTGTCGTCGTCAGC.1	-3.04808872965415	2.57511271511582	2
ACCTGTCTCTAATTCC.1	-1.82307627984621	-6.40370318589115	5
ACCTGTCTCTGCTGAA.1	-0.57524348781309	3.50188627444871	2
ACGATGTTCGCCCAGA.1	-1.00265724032014	3.42863544445781	2
ACGGTTAAGACTTCAC.1	0.256534890866401	1.08666905511921	1
ACGTACAAGTATTAGG.1	9.38524659042402	-0.845664383060272	4
ACTATTCTCGTCCATC.1	-0.94638747597729	3.47045850228599	2
ACTGCAACAATCCTAG.1	-2.98033222213755	2.21092828079088	2
ACTGTCCGTACGGGAT.1	-3.83596482992341	-1.10040063487013	3
ACTGTCCTCAATGTCG.1	0.886294425900235	1.66191293725579	1
ACTTATCTCGTGGTAT.1	-4.07611661350831	3.68965940437736	2
ACTTCCGTCCGGTAGC.1	-5.32875690333852	-1.01286960759838	3
ACTTCCGTCCGTATGA.1	0.63357905484356	1.72330393649414	1
ACTTTCAAGCGAAACC.1	-0.0688909173727545	2.36459991698581	1
ACTTTCAGTACAGTCT.1	0.0432807559134271	2.13236991370658	1
AGAACCTCATTGAGCT.1	-4.07073925521021	1.07914679979979	3
AGAACCTTCTGTCCGT.1	1.56403331755923	1.04353623913917	1
AGAAGCGCATGCCGCA.1	9.49603496395346	-1.72831364115708	4
AGACAAAGTCTGTCCT.1	8.50623457368186	-1.28444379253079	4
AGACAAATCCAGCACG.1	10.1037497057073	-1.86909642793554	4
AGACCATTCAACACGT.1	10.0062664895985	-0.29299665370738	4
AGAGAATTCGGCATTA.1	-0.880620281661364	0.399971718354826	6
AGATCCATCACGATAC.1	-1.45290738169327	1.34526573995779	1
AGATCGTTCATTACGG.1	8.62629210703209	-1.30225665075584	4
AGATGCTCAAACTAGA.1	-2.16243377094817	-5.77158433836862	5
AGATGCTTCCGTCAAA.1	10.7781325254995	-0.52443469809309	4
AGCATCAAGCTACTAC.1	-1.09839608577863	4.13746541776235	2
AGCGCTGGTTACGATC.1	-2.65480632129837	3.55232319907908	2
AGCTACAAGCTCCGAC.1	-5.25079091489126	0.216115953401356	3
AGCTCAAGTTCGGCGT.1	-3.0936959403332	2.46646402410018	1
AGCTTCCTCGCATAGT.1	-3.8282095878082	-0.895982911657204	3
AGGAAATGTCAGACTT.1	-2.6068808455207	1.52346451046748	1
AGGAATACACCTCGTT.1	-2.20938023036527	4.42843442745758	2
AGGACGAGTGCCTGAC.1	-0.983862559266885	1.03812464263266	1
AGGACTTAGTCACACT.1	-5.56712416126662	-0.306007269109056	3
AGGACTTTCGCTGATA.1	10.1232823364862	-1.94295453469607	4
AGGAGGTCACGAAAGC.1	-3.57676846000298	4.86791081183562	2
AGGCTGCTCTACCAGA.1	-4.03796297519751	-0.987311545078479	3
AGGGAGTAGAAATCCA.1	11.1125818970813	-1.18135872741714	4
AGGGTTTGTGCACGCT.1	-1.03992770559514	-0.940347305250264	6
AGGTTACTCTGCTGAA.1	-3.67422359622245	-0.98437040283254	3
AGTAACCTCGTGTTCC.1	-3.78567106797057	0.297929107534654	3
AGTACCAAGGATCACG.1	0.516908411458961	-5.53086236027552	5
AGTACTGAGCTGGAGT.1	-5.20608579576591	0.183746626645528	3
AGTCATGGTGCCCAGT.1	-1.60916700881765	-6.30071140824675	5
AGTGATCTCTTGGCTC.1	-5.4180171239014	-0.966190612119146	3
AGTGTTGAGATAACAC.1	0.932202473721367	0.537831529835652	1
AGTGTTGCAGTTAGAA.1	-1.63926772002453	-6.73889324066392	5
AGTGTTGTCGCGGACT.1	10.6964572302679	-1.77750799426219	4
AGTTAGCAGCTCGGCT.1	-5.16566139740188	1.05843543076552	3
AGTTAGCCATTCACCC.1	-0.387017494208684	2.04467934768248	1
AGTTCCCCAGTAGAGC.1	-3.37921716254332	1.14005036613957	1
AGTTCGACATGTCAGT.1	0.679718930159222	-0.556424509433032	6
ATACCGACATCGATAC.1	9.64677504924493	-1.69832519841949	4
ATACCGATCGACGAGA.1	-3.36971027170396	-1.41387603823968	3
ATACCTTCAGTCTACA.1	11.8807012862077	-0.688411932932617	4
ATACTTCAGCCGATTT.1	-3.00747716040236	0.963235498334062	1
ATACTTCTCAGAGTTC.1	-3.02480330187794	5.08449425523118	2
ATCACAGAGACTTCGT.1	-3.30366497948997	1.18186752176907	1
ATCACAGTCAAGGCTT.1	-0.054667016803281	2.29236194354034	1
ATCACTTTCTGTCGCT.1	-3.00152422830983	3.08583657310184	2
ATCATTCTCTCGCAGG.1	0.119274419797756	0.912324769969479	1
ATCCACCCACTCCGGA.1	-4.36635168287484	-0.377761238892105	3
ATCCATTCAGAATCGG.1	-3.25782641074645	-1.42760263296472	3
ATCCCTGTCTGTCGCT.1	11.7479031859888	-0.73822320150472	4
ATCCGTCGTGCGTTTA.1	0.209793214653132	-5.42075132426772	5
ATCGCCTGTGAGCGAT.1	-5.46526888434939	-0.565413137236649	3
ATCGCCTTCGAACGGA.1	0.587365617179949	2.31200866603679	1
ATCGGATCACCTGATA.1	-0.233639374666865	3.45922529556108	2
ATCGGCGAGACGCATG.1	-4.07327163890817	-0.732939688934848	3
ATCGTAGGTCGACGCT.1	11.6962984379872	-1.52347691515402	4
ATCTCTATCACACCGG.1	1.9081427442391	-7.48112085103912	7
ATGAAAGAGCACAAAT.1	-3.09997940918651	0.520279998149549	1
ATGAGGGAGATGCTAA.1	-2.65690699749924	-4.16896296851979	3
ATGGGAGCAAGTGTCT.1	-2.36324487097365	-4.62950720260335	5
ATGGTTGGTAGGCTCC.1	-2.3609852515279	-5.34946342311786	5
ATTCCCGTCTGTTGGA.1	0.3304910925222	-5.32876261644892	5
ATTCTACAGGCATCAG.1	-3.52548845481989	2.34863061441881	2
ATTCTACGTCGGCTAC.1	-1.82552220925027	5.14040593707496	2
ATTGGGTAGAGCCATG.1	1.80774724122147	-7.39529097935922	7
ATTTACCGTGAGCTCC.1	11.7501123756593	-1.13844010152697	4
ATTTCACCAGGTACGA.1	-0.810555094471622	1.08471961656888	1
ATTTCACGTAGACGTG.1	-5.73932720462888	0.607707919598447	3
ATTTCACGTCGTTGGC.1	-1.69124696784674	1.44050821981696	1
CAAAGAACAGTAACGG.1	-1.04489658284633	-0.868052839368037	6
CAAAGAATCCTGCTAC.1	-0.375610184514255	2.04766128268151	1
CAAAGAATCTCCAATT.1	-4.1217713295768	-1.29123677260183	3
CAACAGTAGATAGCAT.1	0.19472571886111	2.13528798244968	1
CAACGATAGCACAAAT.1	-2.43171440419752	0.629563061967162	1
CAAGACTAGTCGAAAT.1	1.85342844855721	-7.45249628756754	7
CAAGCTAGTGTATCCA.1	-1.54212638047284	-0.706516407712579	6
CAAGGGATCTGTCGCT.1	1.18980284293794	1.23667833808107	1
CAATACGAGTCCCAAT.1	-1.02343920592186	4.05126675231083	2
CAATTTCTCACCGCTT.1	-4.83768374723478	-0.0372837229941741	3
CACAGATGTGGCTGCT.1	-2.83492969761654	3.02612427423295	2
CACATGATCTCAATCT.1	-2.56868877994201	4.11782969326599	2
CACGAATTCCAGCACG.1	-0.901744181936361	-0.807947647440308	6
CACGGGTCAGTAGGAC.1	11.0046226918434	-1.02168095954457	4
CACGTTCCATTCGATG.1	-1.33721629135803	4.25474003078967	2
CACTAAGCAAGCTCTA.1	1.20329123855637	-6.41199590463542	7
CACTAAGTCTATCGCC.1	-0.0632918254448705	2.09366189310006	1
CACTGAAGTAATCAAG.1	-3.24588898589192	2.69096041846792	2
CACTGAATCGACTCCT.1	-2.43667065433715	4.76054964533078	2
CACTGTCTCAATCAGC.1	-0.16446679415994	2.14580580496203	1
CAGAGCCGTAATGCGG.1	-4.14721064634212	3.9562380848577	2
CAGCAGCAGATCCCGC.1	11.7013488133674	-0.797976182238874	4
CAGCAGCCAACTAGAA.1	-1.95986296146288	5.66703664415806	2
CAGCAGCTCCTACTGC.1	11.4730592858982	-0.628959719146765	4
CAGGCCATCAAGAATG.1	-0.883619298433889	1.25940540332638	2
CAGGTATCAGTTTCAG.1	0.769259104084677	-0.840845581915383	6
CAGGTATTCGGCTGTG.1	-3.52158063503931	-1.05004713474874	3
CAGTGCGTCATGAAAG.1	-3.55872807605821	0.849350350484383	3
CATACCCGTATGTGTC.1	0.537388408028893	2.32927679802538	1
CATACCCTCAACGTGT.1	11.1957369835735	-0.421897350628539	4
CATAGACCAGAACGCA.1	-2.59620060604097	-4.40776176445713	5
CATAGACGTACAAACA.1	-3.674897655264	3.46873501721562	2
CATAGACGTATGGTAA.1	-1.34495237539875	-6.949824064758	5
CATCGGGCAGGAATCG.1	-2.33662055424917	4.24569269967987	2
CATGAGTAGTTCCGGC.1	-1.80014009520444	-6.67427670788417	5
CATGCTCAGATACAGT.1	-1.55224879720621	3.9481722215936	2
CATGGATGTGCGGATA.1	-0.876591579515507	1.33662131488759	2
CATGGTAAGGAGAATG.1	-5.20636594380671	0.636949398588056	3
CATTCCGAGCGACTAG.1	-1.35613792390675	-6.82708946107917	5
CATTCCGCACTTTATC.1	9.2719283629521	-1.16791505395571	4
CATTGAGTCCGATAGT.1	0.875074840189291	0.207574980103016	1
CATTTCAGTCACTGAT.1	-2.22543337772814	5.44218081769073	2
CATTTCAGTTTGACAC.1	-2.63292755011048	-4.32649490137258	3
CATTTCATCTGTGCAA.1	-1.61524084555656	1.63762237013738	1
CCAAGCGAGGTTGGAC.1	-4.03986891569647	-1.30613969134614	3
CCACACTAGAGCACTG.1	-2.65876438512382	-4.24574224505961	3
CCACCATCAACAGTGG.1	10.5606540560417	-1.87287560909376	4
CCACGTTAGGGTAGCT.1	-3.5326804124156	-1.04822446962672	3
CCATAAGTCGGCATTA.1	-5.63494646837602	0.617631736488223	3
CCCAACTCACTATCGA.1	-3.15876548441924	-5.65381604964636	5
CCCATTGGTTGCCTAA.1	1.45958113873741	-6.75384255784064	7
CCCGAAGCAATGGCAG.1	-1.97180122816501	5.59414367219393	2
CCGAACGCAGTATTCG.1	-0.439495345097532	-0.498904373021902	6
CCGATCTCACTAACCA.1	0.578842491321344	-1.06506995851593	6
CCGATGGTCTTCCCGA.1	-2.66646382915987	0.420227484583408	1
CCGCAAGCACAAGCAG.1	10.8801870554682	-1.14078372976495	4
CCGCAAGTCCTAACAG.1	-0.887170934960304	0.580894662501755	1
CCGTAGGCACCTGCGA.1	0.738254616646552	-0.837977859937964	6
CCGTAGGTCTCCGAGG.1	11.4758461055793	-1.65677480269319	4
CCTAAGACAGGCACTC.1	0.646733333605807	-0.507374292708056	6
CCTATCGCACAAGCTT.1	-5.49391054046867	0.728570288809637	3
CCTATCGGTTACCTGA.1	-1.55424326168966	1.63584518412373	1
CCTCAGTTCCTACCGT.1	-2.46864012005152	-5.4230685142053	5
CCTCCTCCAGTGGTGA.1	-0.958323847299434	3.9862648455971	2
CCTCCTCCATGTTCAG.1	9.96417557880263	-1.70206631123196	4
CCTGTTGTCTCGGCTT.1	-2.43388549398352	-5.5498328106404	5
CCTTCAGGTCAACACT.1	-1.60164870530826	-5.65382314700156	5
CCTTCAGGTCAAGCCC.1	10.8983050750175	-1.13324758170233	4
CCTTGTGCAAATGCGG.1	1.05974237206113	0.525173550740962	1
CCTTGTGGTCACGACC.1	-3.69274108224128	1.64742708615348	3
CCTTTGGTCATGCATG.1	11.3706877047276	-1.09279661140245	4
CGAAGGACAAAGTATG.1	-0.775956785655163	0.732772073495395	1
CGAAGTTCAAGCTGCC.1	11.3846700282314	-1.52180104238974	4
CGATCGGTCGTTACCC.1	0.528973962264788	1.67324206399614	1
CGATGGCCAGCGTATT.1	-0.773810276849849	-5.63621980573999	5
CGATGGCTCACTAGCA.1	0.569308557277374	2.2952918795257	1
CGCCAGACAGAGTGTG.1	0.814768383662185	2.38089248388358	1
CGCCATTAGGGACTGT.1	-2.70202560226804	-1.29714471471304	3
CGCCATTCATGGCGCT.1	9.63710975643796	-0.388451709739589	4
CGCGTGACATGACAAA.1	-1.60284380566405	4.12804447639387	2
CGGAACCGTGGCGTAA.1	-1.80391673096193	5.17601301226397	2
CGGACACAGTATAGAC.1	1.64644727550169	1.02078461073141	1
CGGGACTTCAGGAGAC.1	-5.08598017487626	1.10406093041971	3
CGGGTCAAGGAACGCT.1	-4.01403363542839	1.05287779059039	3
CGGGTGTAGAAGGATG.1	-1.10980438755254	4.17738334851578	2
CGGGTGTAGGCACGAT.1	0.246223320019467	0.910111575273452	1
CGGGTGTGTTAGAAAC.1	-3.99820410980952	3.69492377065965	2
CGGGTGTTCTACCCAC.1	-2.47247232227957	3.64824677912724	2
CGGTCAGAGGTCACCC.1	-3.25623640844703	4.95164686253535	2
CGGTCAGAGTGGTGGT.1	10.6903993642946	-1.79263040205357	4
CGTAGTAAGGTCGTGA.1	-2.49594557731106	-4.54252540544937	5
CGTGAATTCACTGAAC.1	-3.32263471020435	2.61877211076804	2
CGTGATATCAACTGAC.1	-1.12201318359447	0.924275217994903	2
CTAAGTGGTCCAATCA.1	-2.26541248201889	-4.73600007318017	5
CTAGACACATACCGTA.1	-0.534919971186427	3.58591660231633	2
CTAGACAGTTGTATGC.1	1.92333972354049	-7.57886676811945	7
CTAGACATCAGCTGTA.1	11.5017857789789	-0.897998480396168	4
CTATCCGCATGGGTCC.1	-1.78824337409115	2.55019483689124	1
CTCAAGACATAAGCGG.1	-4.44243882457882	-0.828999967531071	3
CTCAATTAGGTTGGTG.1	-4.55730987824822	1.26123056626316	3
CTCATCGGTGTCCGTG.1	-3.35232958462855	5.03517167467504	2
CTCCAACAGCCGTTGC.1	-0.861541739699105	-0.761951005337893	6
CTCCATGAGAGTGTGC.1	9.1498487926202	-1.06575233392182	4
CTCCGATCAGCGAACA.1	-1.52056492584627	4.48239851158514	2
CTCCTCCGTAGGCAAC.1	-0.830930450815262	1.15284024568261	1
CTCGAGGCAGAGACTG.1	-0.955423571614248	0.795840344463781	1
CTCTCGAAGAGTCTTC.1	8.25587995078531	-1.42832932106904	4
CTCTCGAAGTCTAACC.1	-2.09270652152877	5.57820074084486	2
CTCTGGTAGGACTTCT.1	0.752538832476278	0.155992746551	1
CTGAGGCGTGGTCTGC.1	-3.25731601079293	4.88532981583354	2
CTGATCCGTGACACAG.1	-2.43384934198714	1.3178253468713	1
CTGATCCTCAGCTAGT.1	-1.31802277378583	-6.87199359473379	5
CTGCATCGTTTCACAG.1	-1.8114676410167	-6.61960269126936	5
CTGCCATCAACAAAGT.1	-1.8266034768851	-6.67106225492433	5
CTGCCATTCGATCCAA.1	0.0720158435260955	-5.28898318365399	5
CTGCCTAGTAACCCTA.1	0.737146714585413	-0.944508974493709	6
CTGCTCACACTCCGAG.1	-2.27409342558997	-4.74567389795666	5
CTGCTCATCCCAACTC.1	0.189396106220462	2.29459135139554	1
CTGGACGGTAACACGG.1	-2.95234047783143	1.54020094306454	1
CTGGTCTGTAAGATTG.1	-1.92607496308117	5.60594398791283	2
CTGTGGGTCTGAGAGG.1	-0.670951785421683	1.33290802447304	2
CTTACCGCAAGAGGTC.1	10.4762497092827	-1.45962843277732	4
CTTACCGGTCCGCAGT.1	-1.34415556128669	3.28337744360468	6
CTTAGGAAGTCATAGA.1	0.53973585017392	1.60656654304085	1
CTTCAATAGCGACTGA.1	0.65226793790009	1.70741888630196	1
CTTCAATCAGACAATA.1	1.4042367992214	-6.69102591303504	7
CTTCAATCAGAGTTCT.1	-2.8581444459342	1.57192972913546	1
CTTCAATTCGTTCCCA.1	-2.34590760580033	4.83437776802821	2
CTTCAATTCTGCGAGC.1	-2.14593685579079	2.48871449206102	2
CTTCCGACATGGACAG.1	-2.24284822477891	-4.77483384440116	5
CTTCCTTAGCGCCGTT.1	10.3659660285579	-1.82066994740186	4
CTTCTCTGTCGAGTTT.1	-4.12039298180915	1.10888156515492	3
CTTCTCTTCGTAGAGG.1	-1.49441575445734	4.18688459713639	2
CTTGAGACAGCACAAG.1	11.8336647410918	-0.771685746136539	4
CTTGATTAGTAGTGCG.1	-2.65172396237867	-4.30632486910848	3
CTTGATTAGTGCGACA.1	-1.05915695512437	-0.919596615307705	6
GAAATGACATGGGAAC.1	-2.22596482702238	2.95716614553115	2
GAACGTTTCTACCACC.1	10.3923644821319	-0.329310609984355	4
GAAGCGAGTCGCACAC.1	1.38791842166967	1.80744397117365	1
GAAGGACCAATGAAAC.1	-2.53003102611003	3.99706588129347	2
GAATAGACATCCCACT.1	8.49718710900262	-1.34016070356579	4
GAATAGATCATTGTGG.1	-0.161648415585233	-5.58843525012708	5
GACAGCCCAGCCGTTG.1	-2.87356028004475	0.58011919984347	1
GACAGCCTCCGAACGC.1	0.779195022042444	2.36781421912621	1
GACAGCCTCGACGACC.1	-4.45199951528182	3.28379821602438	2
GACCCAGAGAGTCAGC.1	11.3508753137499	-1.0841734074148	4
GACCCTTTCTAGTACG.1	-0.319418945602416	2.06923400648446	1
GACCTTCCAATTGAAG.1	-3.16644862838595	3.07644622305006	2
GACGCTGAGTTGCATC.1	-1.79099452658113	-6.7326713496941	5
GACGCTGCAAAGACTA.1	9.82752109858532	-0.318093746660315	4
GACGCTGGTGTGAATA.1	-3.12784012584519	-5.62565938918351	5
GACTGATAGTGGGAAA.1	-3.14114663980001	-5.65000628186383	5
GAGAAATTCAGCCTTC.1	-2.64619253519784	1.26266191567571	1
GAGACCCTCGCGTTTC.1	-3.22684878948575	-1.39396328279065	3
GAGACTTGTGCAGATG.1	-3.94481212668359	-1.03314607242583	3
GAGAGGTGTGGGTTGA.1	-3.7260876609077	0.499565692828822	3
GAGCCTGTCGATTGAC.1	-3.18328075833719	2.89036706132184	2
GAGGCAACAATAGAGT.1	-3.12469714056155	4.06844013755665	2
GAGGCCTCACGTTCGG.1	-0.855872316747666	-0.763440684863455	6
GAGGGTAAGCGACATG.1	0.563782210781638	2.03557146108119	1
GAGTTTGCAACCCTAA.1	-4.01172137644583	4.0702044407567	2
GATAGAAAGACTCGAG.1	-0.00977125102042992	1.19112743291181	1
GATAGAATCCACGGAC.1	-5.33868072798229	1.46698843472742	3
GATAGAATCGCGTTTC.1	-1.51813563858244	4.28873868711103	2
GATCACATCGAGAACG.1	0.539691422390237	2.35263223583678	1
GATCCCTAGGAACGAA.1	0.0156721122375934	2.20251486369989	1
GATGTTGAGAAACCAT.1	-4.32557058850557	1.11111056037975	3
GATGTTGAGTAGACCG.1	-0.951990207125377	-0.839731196569118	6
GATGTTGGTGAGAACC.1	0.924037194572364	-0.104467332104644	6
GCACATAGTGCAGATG.1	1.5833966731502	-7.00835369423468	7
GCACGGTCACCCTCTA.1	-5.41610013863613	0.733837288622695	3
GCACGTGAGCAGGCTA.1	-0.465282982909429	1.96325417409634	1
GCACGTGTCATGAAAG.1	-3.25719417233283	1.13852311189893	1
GCACTAATCTCTCGAC.1	-1.39402729259398	-6.02890871064772	5
GCATCTCAGTGTGTTC.1	9.5303087012983	-0.42288305527217	4
GCCAACGTCTATGTGG.1	-2.70658408413982	1.6034166429885	1
GCCATGGCACGAAGAC.1	9.329344088505	-0.739239664073208	4
GCCATGGTCACACCGG.1	-3.10071096238177	1.0705179824965	1
GCCCGAATCGCCAGAC.1	-2.01911391506095	-1.10619691809957	6
GCCGATGAGGTACAGC.1	-2.0121442703101	4.49345306596491	2
GCCGATGTCTCCTACG.1	-2.85634136445259	0.28990523796055	1
GCCGTGAAGTGAGCCA.1	-3.01415502319387	2.21032186164068	1
GCCTGTTGTTACGGAG.1	-3.49109187487874	4.86043383460876	2
GCGTTTCCAGCACACC.1	9.50974160668144	-1.67880601599203	4
GCGTTTCTCTGAGGCC.1	-5.47942670804832	-0.823314063526027	3
GCTACCTAGAGTGACC.1	-3.7935187665716	4.02805722718576	2
GCTCAAAGTTTACGAC.1	-3.82867589384855	0.424395020565968	3
GCTGCAGAGGTCCGAA.1	-1.04972844371062	-0.791167636351975	6
GCTTCACCACAGTCCG.1	-3.64117803464834	3.24986672096693	2
GCTTGGGAGCTTCTAG.1	1.16026657172633	1.82049141393488	1
GCTTGGGCATTCGGGC.1	1.36277191946692	-6.62989614839854	7
GCTTGGGGTGGGACAT.1	1.5070510076265	1.07855726257653	1
GGAATCTGTATCGAAA.1	-2.31467156174826	4.64925399708508	2
GGAATGGTCCAACACA.1	-1.90896269562699	1.53662586072336	1
GGAGAACCAGTGACCC.1	-4.62888007037227	1.16122012839619	3
GGAGATGAGCTAGATA.1	10.8145474212799	-0.478438901660316	4
GGAGCAAGTACTTGTG.1	-2.57780276664596	4.71209324946748	2
GGAGGATCAAGAAACT.1	-3.10019557361571	4.53935010650929	2
GGAGGTATCTTTGCTA.1	1.61880487935979	-7.08097847786141	7
GGATCTACAAGACGGT.1	9.39225835181679	-0.356535049185611	4
GGATCTATCCTTATCA.1	-5.21171267410679	0.145008394314986	3
GGCACGTGTGACTCGC.1	-5.70016108858073	0.382390382469491	3
GGCAGTCAGGTAAACT.1	0.457607301875957	1.63919355781153	1
GGCAGTCAGTAAACGT.1	-2.54903120974002	0.667201310502589	1
GGCTTGGAGCTAAGTA.1	9.48005933832395	-0.465775275253838	4
GGGACTCAGGTCCCTG.1	0.752566006303201	0.225077609776941	1
GGGACTCAGTGCTACT.1	-0.464630250762202	1.08875396331026	1
GGGAGATGTACTGTTG.1	-0.709152254984119	-0.429501618469587	6
GGGAGATTCGTGCACG.1	-1.66289264119308	3.85928680856745	2
GGGAGTACAATGAACA.1	-3.81949910630666	0.509781274731424	3
GGGATGATCATGCCGG.1	10.8062152900784	-1.74327047467596	4
GGGCGTTTCAACGTGT.1	0.443990538338875	1.59519645701681	1
GGGTATTCAACTCATG.1	-1.56408386272983	1.57286994013384	1
GGGTGAAGTCAAGCGA.1	-3.1228862660953	5.15461873804892	2
GGGTGAAGTGGATTTC.1	-2.08827446900546	5.57928848111627	2
GGGTGTCCAGCTCCTT.1	-1.92814587963913	1.605263501233	1
GGGTTATGTTGTGGCC.1	-3.75631229785437	-1.17876161309899	3
GGGTTTAAGTAGAATC.1	0.369817613211911	1.57115087800491	1
GGTAACTAGCGGTATG.1	-2.40985238501644	4.70832791758289	2
GGTAACTAGGGAGTGG.1	-2.40555974471014	-5.53645400466187	5
GGTAACTCAAGATGGC.1	-0.329064880876295	2.07648691952604	1
GGTAATCCAACTGCCG.1	-2.50962777002883	-5.53360386491721	5
GGTAATCCATAGACTC.1	11.7402893059779	-1.04289575968029	4
GGTCACGTCGGCTGGT.1	-3.90797342633095	1.30745579157161	3
GGTGAAGCAGGTGGAT.1	-0.679292329973279	0.871271347897128	1
GGTGGCTAGCAGGCAT.1	1.91957319623133	-7.56596861290452	7
GGTGTTAAGGGTGAGG.1	-3.43767689163088	-1.0558884059432	3
GTACAACTCATGCATG.1	-4.21685163267313	-0.853568753301933	3
GTAGAAATCCGTTGAA.1	1.41132074369986	1.76129418922015	1
GTAGAGGGTCGAGTGA.1	-3.70469376590319	-0.905936512847953	3
GTAGATCAGTCTCTGA.1	1.22292482039911	-6.43786007858616	7
GTAGCTAAGTCATTGC.1	-5.43294569510648	-0.0460990331355121	3
GTAGGTTAGAGGGCGA.1	0.840849700323094	1.52976795432096	1
GTAGTACGTTGTTGCA.1	0.217853338606922	-5.1566895551175	5
GTATTTCCAGGATGAC.1	-3.57595043215011	4.83487005358271	2
GTCACGGCAGTCAGTT.1	10.4118660339565	-1.52131280700866	4
GTCACTCCAATGGGTG.1	0.750544249236302	-0.784034687922088	6
GTCATCCGTTCGGTAT.1	-3.53283634312809	-0.913150193407297	3
GTCATTTTCGTCCATC.1	-1.77121478699753	-5.64971302289042	5
GTCCACTCACTAACCA.1	-1.27947806699198	0.41945769003487	1
GTCCCATAGCGACAGT.1	0.253708087973286	-5.31763618602535	5
GTCTCACTCAGCCTTC.1	-0.901207254283385	-0.807342968760328	6
GTCTTTATCCACTGGG.1	8.22444389823796	-1.41003889638191	4
GTGAGCCCAGAGACTG.1	9.22583291666543	-0.713401440237559	4
GTGAGGATCCTCTGCA.1	-1.03080198329713	3.99212406871139	2
GTGAGTTTCTTAGCTT.1	-2.28750214403262	1.72390018182385	1
GTGCACGGTGTGTCCG.1	-3.76531103626644	0.526416238825088	3
GTGCAGCCATCTTAGG.1	-1.28282575358875	-6.89966285501517	5
GTGCGTGAGAATTCAG.1	-4.01503614256685	3.95199586761729	2
GTGCGTGGTAGCGCTC.1	0.19638560435213	1.79616282029617	1
GTGCGTGTCTCAAAGC.1	11.4962507362687	-1.52461534588453	4
GTGCTGGAGGCTTAGG.1	0.102915636790071	1.04896873164248	1
GTGGAAGCATAGGTTC.1	-1.73178463909739	-6.58392022373069	5
GTGGAAGTCAGGGATG.1	11.2773399407337	-1.3678376486222	4
GTGGTTAAGAATTCAG.1	-1.37179288204909	-5.93748912357066	5
GTGGTTAAGGCCTTGC.1	-5.47374577789105	1.02140240134414	3
GTGGTTACATGATGCT.1	-0.265276827710601	2.53467514463809	1
GTGTGATGTCTGGTTA.1	-2.48573270103499	-5.39129027822346	5
GTGTGGCTCTCTCGCA.1	-2.74087664456432	1.54961498105905	1
GTGTTCCCAATCGCGC.1	8.39046515573113	-1.29448100939842	4
GTTACCCCATCTTCGC.1	-4.23989550592915	-0.459127779805478	3
GTTACGAAGACCACGA.1	1.91452682782391	-7.55054094715737	7
GTTACGAGTACGAGTG.1	-3.38843665234244	-0.505954773334951	3
GTTAGACCAAGATGTA.1	-2.42456989183585	4.77362968679151	2
GTTCCGTCATAGGTAA.1	-0.575979695279653	2.03857148275766	1
GTTCGCTGTGAGTAAT.1	-2.37255284356623	-4.63464366023572	5
GTTGTCCGTTGTGCAT.1	-0.911719021254375	-0.807013776429961	6
GTTGTCCTCGGTGAAG.1	11.7543103065851	-0.861409313595771	4
GTTTACTCAACTTGCA.1	-2.77167730362728	0.793367963312573	1
GTTTGGACAGGAGACT.1	-4.46503167536636	3.02125924561216	2
TAACACGCAGAAGTGC.1	9.42821752566435	-1.76106784034316	4
TAACACGGTACTGAGG.1	-5.3843401052977	-0.993566443301104	3
TAATTCCTCTACTCAT.1	-1.73509508560052	1.85464964883467	1
TACACCCTCGGTAGGA.1	-0.217994914576436	-5.52173652085028	5
TACAGGTTCGTTCGCT.1	-2.36941515374658	-5.42967269176199	5
TACCTGCAGAGAGAAC.1	-3.45426607879841	3.31166890761521	2
TACGTCCCAAGCACCC.1	-3.90668333025302	-1.10766735898259	3
TACGTCCTCGTCACCT.1	-4.12499053599136	0.740254739586032	3
TACTGCCAGATGACCG.1	11.5855325261275	-0.916662015506664	4
TACTGCCTCAGAACCT.1	-2.67995542886358	1.48851150199094	1
TACTTACTCAGTCAGT.1	0.182949308320595	-5.02438093269167	5
TACTTGTTCGCCGATG.1	8.44445208528718	-1.12093683436907	4
TAGACTGCACTGTCGG.1	-2.81556662896674	0.526462997982585	1
TAGACTGTCATGCTAG.1	-1.98601391926402	-6.27131645055353	5
TAGAGTCTCCTTATCA.1	-1.71312670782512	1.87866033588537	1
TAGATCGTCTAAGGAA.1	-2.61317203754361	-4.4727004929915	5
TAGGTACTCGGCTGAC.1	-4.67210918129088	-0.0660984784590141	3
TAGGTTGGTGCGAACA.1	9.44713730259291	-1.71342933176874	4
TATACCTGTTGCTCGG.1	-3.7345303439527	-1.1499202933748	3
TATCAGGGTCTCTCAC.1	-0.2334650253554	2.53262597735167	1
TATCAGGTCGCATTAG.1	0.664565456721787	-1.10953308142201	6
TATCCTACACGTATAC.1	1.54152291069234	-6.94898518504337	7
TATCGCCTCCGTGACG.1	-5.20381626922398	0.198861760005505	3
TATCGCCTCCTTCTGG.1	-0.995987613915765	3.9647420343336	2
TATCGCCTCGACGCTG.1	-1.00474688181998	3.91231935458634	2
TATCTGTAGATCCAAA.1	-2.17098182382949	2.8934321610711	2
TATCTGTCACACCTTC.1	-2.49086403939563	-5.44914997179507	5
TATCTGTTCTAGCATG.1	0.508951884021386	-5.47743587775507	5
TATCTTGTCAAGAAAC.1	9.81158517340689	-0.340765174633705	4
TATTGGGCATGGAAGC.1	-1.66025963248451	1.98800018527129	1
TCAAGACGTTTGGGAG.1	8.59013979729944	-1.2729141962845	4
TCAAGTGAGACGCCCT.1	-2.45213640277827	0.898091144080455	1
TCACATTTCCTTCAGC.1	-3.34564042302776	5.04587917238882	2
TCACGCTAGCGGGTTA.1	-2.81853593121606	-1.37572944719927	3
TCACGCTCAAGGTCAG.1	-1.03277150055169	-0.82369284632656	6
TCACGGGAGCGTTAGG.1	-0.0299674068509184	2.48485705435158	1
TCACGGGCATCCGCGA.1	0.103889632724052	-5.31209354000207	5
TCACGGGTCTTGGCTC.1	-2.59772443896472	3.12042981704235	2
TCACTATGTACACGTT.1	1.10042417804429	1.87213988877243	1
TCACTCGAGTCATCGT.1	-3.6925516890525	0.920361812209114	3
TCACTCGCAGTCCCGA.1	-2.47029153745304	1.69645668174699	1
TCAGCAACAACTCATG.1	10.1001903087692	-1.98467391213388	4
TCAGCCTTCTTGCAAG.1	0.741761607191478	1.66981754935194	1
TCAGGTAAGTATGATG.1	-1.82360421122311	-6.06399386826595	5
TCAGGTAGTGTCACAT.1	-2.39270659103287	4.45489916771962	2
TCAGTCCGTAGCGATG.1	-2.85836315816747	0.849579484756126	1
TCAGTCCGTAGGTTTC.1	-2.20194827053233	-4.9119839157331	5
TCAGTTTAGTTAACAG.1	10.9987066639739	-1.09895134840635	4
TCATACTTCTAACGGT.1	-0.969764422167278	-0.811200780500307	6
TCATGTTGTATCCCAA.1	1.80563456032096	-7.40180235803702	7
TCATGTTTCTCATTAC.1	11.4979235958302	-1.52473392701772	4
TCATTACAGCAGGTCA.1	-0.731266936031981	3.59217980329464	2
TCATTACAGTCAATCC.1	-0.753197257875666	3.95093455742089	2
TCATTGTGTGCAGATG.1	-3.34788102119309	-0.0796153722191777	3
TCCAGAACATGGTACT.1	-3.00941501624427	3.31131593529462	2
TCCATGCTCGTGCTCT.1	-2.59718131016555	1.44058380019329	1
TCCCATGGTTCGGTTA.1	1.8909147475573	-7.51669957513203	7
TCCGAAAAGCATGCGA.1	-1.69648937991103	2.34401560493196	1
TCCGAAACAGACCATT.1	-3.65836821147737	2.83397155917347	2
TCCGATCCAATCTGCA.1	-1.42759659827546	-6.05337641099294	5
TCCGTGTCAATGGGTG.1	-1.61291155636375	3.95921466686567	2
TCCGTGTTCGACGACC.1	-0.945506011251322	1.04495530221555	1
TCCTAATTCATCACTT.1	-1.62620173660679	4.24171911483268	2
TCCTCCCAGCTAATCC.1	11.2050507235447	-1.34917519569268	4
TCCTCCCCAAACTGCT.1	-1.83349564297348	-6.68981899307178	5
TCCTCTTAGCCAGAGT.1	11.5267529774764	-1.65551284650471	4
TCCTCTTCAGGTCTCG.1	-3.47687355573242	4.74248154957723	2
TCCTCTTTCATGCAGT.1	-1.27600804910457	-6.78885113665673	5
TCCTTCTGTAATGCTC.1	-3.53354315442485	0.770286093142585	3
TCGAACATCGGCTGGT.1	-0.915991164324384	3.49333605350852	2
TCGAAGTGTCGAGTTT.1	-0.991161165599321	0.0167503072860613	1
TCGACGGCATAGGTAA.1	-2.55706126408226	1.74975138247299	1
TCGCACTGTACACGTT.1	0.191013684739779	1.01899793874792	1
TCGCAGGTCCTCACGT.1	8.32762830048176	-1.37974599518331	4
TCGGATAAGACAGTCG.1	-4.08878660306776	3.63223542867197	2
TCGGGCAGTACGATGG.1	0.213104850868207	1.26386821290536	1
TCGGTCTTCATCGCTC.1	-3.62591641664692	4.7050643577619	2
TCGGTCTTCCGAGCTG.1	-2.69119738198613	3.5864291164594	2
TCGTGCTGTTCGGCTG.1	0.102212113521036	1.13541937193721	1
TCTATACGTACAGGTG.1	8.73868580850684	-1.12664918504478	4
TCTCACGTCTGGTCAA.1	-0.616684484467188	3.79080493662657	2
TCTCCGATCATGGCCG.1	-2.09055337968763	5.05559509723387	2
TCTCTGGGTCCGTTTC.1	9.13227599419618	-0.676706527456982	4
TCTGTCGGTGCCTTTC.1	0.740888520614149	-0.646836650091663	6
TCTTGCGCACCTTCGT.1	0.584873521831088	-0.956807468760408	6
TGAATGCTCTTACGGA.1	11.2020416245623	-0.482857966260481	4
TGACAGTTCGGAATTC.1	-4.37254200288962	-0.955926023982151	3
TGACCCTAGTCGCCAC.1	0.697886805710015	-0.999674580561127	6
TGACGCGTCCGGACTG.1	0.871759645643131	2.27651233377816	1
TGACTCCAGCGCTTCG.1	-0.385590430278026	1.94302406909859	1
TGACTCCAGGCCACCT.1	-4.53254968848069	3.06223892355783	2
TGAGCGCGTCGATTAC.1	0.816750684170631	-5.95730420706942	5
TGAGGAGAGGACCCAA.1	1.4058740351146	-6.7306285338204	7
TGAGGGATCTCATTGT.1	11.8231008744875	-1.20051418764763	4
TGAGGTTGTTGAGGAC.1	1.15616067478207	1.98178685384742	1
TGATCAGGTCTTGCGG.1	-2.89660574438494	1.0661644129914	1
TGATCTTGTGTGTGTT.1	10.9779747365614	-1.05145081157544	4
TGATGCAAGCGCCTCA.1	0.0896005386008137	2.51852589907713	1
TGATGGTAGCGTGCCT.1	-2.83851133970138	1.1074654616743	1
TGATGGTCACAGACGA.1	-1.65624871441932	0.236489158198582	3
TGATTCTAGTTCCGTA.1	-1.88701396393172	-6.50157180910369	5
TGCACGGTCGTTCAGA.1	-3.63288989740545	2.98186994785834	2
TGCAGGCTCTGTGTGA.1	-0.0315592599283928	0.966123936305151	1
TGCAGTACAACCGTAT.1	0.734285325096374	-0.799864463365056	6
TGCCGAGAGGGAACAA.1	-1.05384943967836	0.0660513923375134	6
TGCGATAGTGACTAAA.1	1.45815997546443	-6.84893430651072	7
TGCGGCAAGTCCCGAC.1	8.15929963978927	-1.34224594710999	4
TGCGGCATCTTTGGAG.1	0.976562368430322	1.6974923721879	1
TGCTCCAAGCACTAGG.1	-3.6503935854509	4.73212662610336	2
TGCTCCAAGGTTGAGC.1	0.524353912486023	2.27548462481625	1
TGCTCCACACCGCTAG.1	11.4887028545831	-0.990593146756854	4
TGCTCGTTCGTTCATT.1	-4.08738148658644	-0.403336614568252	3
TGCTGAACAAATTAGG.1	-1.81161905346576	5.3570004088984	2
TGCTTGCGTCCACAGC.1	-2.93369164615798	3.0606283951479	2
TGCTTGCTCCATGAGT.1	-3.89050864579142	0.299893466248729	3
TGGAACTAGGGACAGG.1	-3.58729414724354	0.936594266587525	3
TGGAACTGTGGCTGAA.1	-1.38958298480767	-6.65846450088888	5
TGGATCAGTATGGAGC.1	9.42101901417173	-0.324331074713478	4
TGGATGTCATCGTCCT.1	0.749143880121949	1.71808922704271	1
TGGCGTGAGAGTTGTA.1	10.1175337601634	-2.00853293636166	4
TGGCGTGGTCGCCTAG.1	-0.329635770202553	3.54274649717507	2
TGGGAGAAGGTAGTAT.1	-2.48876370459673	1.27314196622876	1
TGGTTAGTCATACAGC.1	8.1622409793793	-1.3450681882613	4
TGTAAGCTCGAACCTA.1	10.6063029928988	-1.43476389535251	4
TGTAGACCACCGTCGA.1	-4.58317945348553	0.435502481093377	3
TGTCCACAGGCCTAGA.1	8.40462288383052	-1.34945700309545	4
TGTCCACAGGTTCCAT.1	-4.47447080597494	-0.285931216471977	3
TGTGGCGAGGTCCCTG.1	-2.19091550043401	5.06387946840806	2
TGTGGCGGTTTACCAG.1	-2.60095408190385	3.58824904641385	2
TGTTCCGCAGCTATTG.1	0.350015152166121	0.622756986553343	1
TGTTCCGGTTGAGAGC.1	0.803385318392873	-5.77250154388444	5
TGTTCTAAGTGGATAT.1	10.0847977577619	-1.94924332116432	4
TGTTGAGTCTCAAAGC.1	10.0936203340423	-2.09098891588164	4
TTAATCCAGGCAATGC.1	-4.21645791735326	3.6932486961046	2
TTACAGGTCCGATGCG.1	10.1013888098227	-2.03233686034711	4
TTACCATCACCTTCGT.1	11.201615409636	-1.41669361895987	4
TTACCATCATGTACGT.1	-2.54744064126862	4.83316919512801	2
TTACCGCGTCAAGTTC.1	-1.29256914537909	0.821827885873653	2
TTACGTTTCGGTTGTA.1	0.807392676186159	-0.637384417672966	6
TTACTGTAGACATGCG.1	8.46641523181873	-1.24453861145785	4
TTAGGGTAGTGAATAC.1	-0.0457952372740622	-5.56811096470727	5
TTATTGCTCATGAGAA.1	-0.53934917697746	1.95583941973735	1
TTCCAATGTACGATCT.1	0.728197728638392	-0.67257876300269	6
TTCCACGAGTACTCGT.1	-5.12674262501906	-0.818158324085923	3
TTCCGGTAGTCACTGT.1	-5.13351162324854	0.855136947221311	3
TTCCGGTCATGAAGCG.1	10.5588298500239	-0.746946967704833	4
TTCCGTGAGTCCTGCG.1	-4.33279469375281	3.60313452410412	2
TTCCGTGTCGCAGAGA.1	0.286188088615014	2.36547304258839	1
TTCCTAAAGCACTCCG.1	-2.30175934974983	5.17225336141703	2
TTCGATTAGCCTAGGA.1	-5.4265129527055	-0.520378917773252	3
TTCGCTGCAACTAGAA.1	11.760136812178	-1.25870025284178	4
TTCGGTCGTCTTAGTG.1	10.9566176553199	-1.48742980715921	4
TTCTAACAGGAACGAA.1	11.2572621164799	-0.526936196434098	4
TTCTAACGTTGAAGTA.1	11.2549241949656	-1.41193084684943	4
TTCTAGTGTAATTGGA.1	-0.102970258443823	-5.54743400722496	5
TTCTCTCGTACCCGCA.1	-3.61168801536084	3.29512156278375	2
TTCTTCCAGTATTGCC.1	11.3961569957461	-0.92573259594924	4
TTCTTGACATGATCTG.1	-2.13810911744467	4.33332388488604	2
TTGACCCAGCTTGTGT.1	-1.0099807532556	0.444885887099193	6
TTGACCCTCGCTGTTC.1	0.156375797920461	2.27122995162254	1
TTGCCTGTCATGAGTC.1	9.82815845545684	-1.47820824520384	4
TTGCGTCCATGTTACG.1	-2.58987319987765	3.46821481105377	2
TTGCGTCGTATCAGGG.1	-1.25213860795176	0.0694191766517379	3
TTGCTGCCAGCAGAAC.1	-0.788740201001858	0.71794916765666	1
TTGCTGCTCTGGGCCA.1	0.688024521518881	2.12253600985553	1
TTGGATGGTCATCACA.1	11.8014374044655	-0.809462618373901	4
TTGGGTACATCAGCTA.1	-5.35793182748541	0.848986109096222	3
TTGGGTAGTACGACAG.1	-1.02553119715753	0.432151417519558	2
TTGTTGTTCGCAACAT.1	-0.0902669933591877	-5.50389463217	5
TTTACGTTCAACTTTC.1	-1.0929656666884	-5.7680719094038	5
TTTCACAAGCCTGGAA.1	3.80589985123359e-05	2.36484377514622	1
TTTCAGTGTGCATTTG.1	8.506387833814	-1.15258696058599	4
TTTGATCCAGGTCAGA.1	-1.94066248721185	5.55956335225067	2
TTTGGAGCAACAGATA.1	-2.75089075369237	2.94646627273212	2
TTTGGAGCAACCCTCT.1	8.16366139641382	-1.35783143931757	4
TTTGGAGGTTCACCGG.1	-4.71936121616039	-0.423274767543997	3
TTTGGAGTCTAAGGAA.1	-4.39587609773791	2.71333756136093	2
